duration,protocol_type,service,flag,src_bytes,dst_bytes,land,wrong_fragment,urgent,hot,num_failed_logins,logged_in,num_compromised,root_shell,su_attempted,num_root,num_file_creations,num_shells,num_access_files,num_outbound_cmds,is_host_login,is_guest_login,count,srv_count,serror_rate,srv_serror_rate,rerror_rate,srv_rerror_rate,same_srv_rate,diff_srv_rate,srv_diff_host_rate,dst_host_count,dst_host_srv_count,dst_host_same_srv_rate,dst_host_diff_srv_rate,dst_host_same_src_port_rate,dst_host_srv_diff_host_rate,dst_host_serror_rate,dst_host_srv_serror_rate,dst_host_rerror_rate,dst_host_srv_rerror_rate,xAttack
0,1,25,2,232,8153,0,0,0,0,0,1,0,0,0,0,0,0,0,0,0,0,5,5,0.2,0.2,0,0,1,0,0,30,255,1,0,0.03,0.04,0.03,0.01,0,0.01,5
0,1,25,2,199,420,0,0,0,0,0,1,0,0,0,0,0,0,0,0,0,0,30,32,0,0,0,0,1,0,0.09,255,255,1,0,0,0,0,0,0,0,5
0,1,50,4,0,0,0,0,0,0,0,0,0,0,0,0,0,0,0,0,0,0,166,9,1,1,0,0,0.05,0.06,0,255,9,0.04,0.05,0,0,1,1,0,0,1
0,1,50,4,0,0,0,0,0,0,0,0,0,0,0,0,0,0,0,0,0,0,117,16,1,1,0,0,0.14,0.06,0,255,15,0.06,0.07,0,0,1,1,0,0,1
0,1,52,4,0,0,0,0,0,0,0,0,0,0,0,0,0,0,0,0,0,0,270,23,1,1,0,0,0.09,0.05,0,255,23,0.09,0.05,0,0,1,1,0,0,1
0,1,50,4,0,0,0,0,0,0,0,0,0,0,0,0,0,0,0,0,0,0,133,8,1,1,0,0,0.06,0.06,0,255,13,0.05,0.06,0,0,1,1,0,0,1
0,1,50,1,0,0,0,0,0,0,0,0,0,0,0,0,0,0,0,0,0,0,205,12,0,0,1,1,0.06,0.06,0,255,12,0.05,0.07,0,0,0,0,1,1,1
0,1,50,4,0,0,0,0,0,0,0,0,0,0,0,0,0,0,0,0,0,0,199,3,1,1,0,0,0.02,0.06,0,255,13,0.05,0.07,0,0,1,1,0,0,1
0,1,25,2,287,2251,0,0,0,0,0,1,0,0,0,0,0,0,0,0,0,0,3,7,0,0,0,0,1,0,0.43,8,219,1,0,0.12,0.03,0,0,0,0,5
0,1,37,4,0,0,0,0,0,0,0,0,0,0,0,0,0,0,0,0,0,0,233,1,1,1,0,0,0,0.06,0,255,1,0,0.07,0,0,1,1,0,0,1
0,1,39,4,0,0,0,0,0,0,0,0,0,0,0,0,0,0,0,0,0,0,96,16,1,1,0,0,0.17,0.05,0,255,2,0.01,0.06,0,0,1,1,0,0,1
0,1,25,2,300,13788,0,0,0,0,0,1,0,0,0,0,0,0,0,0,0,0,8,9,0,0.11,0,0,1,0,0.22,91,255,1,0,0.01,0.02,0,0,0,0,5
0,2,15,2,18,0,0,0,0,0,0,0,0,0,0,0,0,0,0,0,0,0,1,1,0,0,0,0,1,0,0,1,16,1,0,1,1,0,0,0,0,4
0,1,25,2,233,616,0,0,0,0,0,1,0,0,0,0,0,0,0,0,0,0,3,3,0,0,0,0,1,0,0,66,255,1,0,0.02,0.03,0,0,0.02,0,5
0,1,25,2,343,1178,0,0,0,0,0,1,0,0,0,0,0,0,0,0,0,0,9,10,0,0,0,0,1,0,0.2,157,255,1,0,0.01,0.04,0,0,0,0,5
0,1,36,4,0,0,0,0,0,0,0,0,0,0,0,0,0,0,0,0,0,0,223,23,1,1,0,0,0.1,0.05,0,255,23,0.09,0.05,0,0,1,1,0,0,1
0,1,50,4,0,0,0,0,0,0,0,0,0,0,0,0,0,0,0,0,0,0,280,17,1,1,0,0,0.06,0.05,0,238,17,0.07,0.06,0,0,0.99,1,0,0,1
0,1,25,2,253,11905,0,0,0,0,0,1,0,0,0,0,0,0,0,0,0,0,8,10,0,0,0,0,1,0,0.2,87,255,1,0,0.01,0.02,0,0,0,0,5
5607,3,45,2,147,105,0,0,0,0,0,0,0,0,0,0,0,0,0,0,0,0,1,1,0,0,0,0,1,0,0,255,1,0,0.85,1,0,0,0,0,0,5
0,1,36,4,0,0,0,0,0,0,0,0,0,0,0,0,0,0,0,0,0,0,248,2,1,1,0,0,0.01,0.06,0,255,2,0.01,0.06,0,0,1,1,0,0,1
507,1,61,2,437,14421,0,0,0,0,0,1,3,0,0,0,0,0,1,0,0,0,1,1,0,0,0,0,1,0,0,255,25,0.1,0.05,0,0,0.53,0,0.02,0.16,5
0,1,50,4,0,0,0,0,0,0,0,0,0,0,0,0,0,0,0,0,0,0,279,7,1,1,0,0,0.03,0.06,0,255,13,0.05,0.07,0,0,1,1,0,0,1
0,1,25,2,227,6588,0,0,0,0,0,1,0,0,0,0,0,0,0,0,0,0,5,22,0,0,0,0,1,0,0.18,43,255,1,0,0.02,0.14,0,0,0.56,0.57,5
0,1,25,2,215,10499,0,0,0,0,0,1,0,0,0,0,0,0,0,0,0,0,14,14,0,0,0,0,1,0,0,255,255,1,0,0,0,0,0,0,0,5
0,1,25,2,241,1400,0,0,0,0,0,1,0,0,0,0,0,0,0,0,0,0,33,33,0,0,0.03,0.03,1,0,0,255,255,1,0,0,0,0,0,0,0,5
0,2,15,2,8,0,0,0,0,0,0,0,0,0,0,0,0,0,0,0,0,0,1,12,0,0,0,0,1,0,1,1,53,1,0,1,0.51,0,0,0,0,4
0,1,19,4,0,0,0,0,0,0,0,0,0,0,0,0,0,0,0,0,0,0,57,16,1,1,0,0,0.28,0.07,0,255,59,0.23,0.04,0.01,0,1,1,0,0,1
0,1,25,2,303,555,0,0,0,0,0,1,0,0,0,0,0,0,0,0,0,0,9,9,0,0,0,0,1,0,0,9,255,1,0,0.11,0.01,0,0,0,0,5
0,3,12,2,45,45,0,0,0,0,0,0,0,0,0,0,0,0,0,0,0,0,181,181,0,0,0,0,1,0,0,255,250,0.98,0.01,0,0,0,0,0,0,5
1,3,50,2,105,147,0,0,0,0,0,0,0,0,0,0,0,0,0,0,0,0,2,2,0,0,0,0,1,0,0,41,5,0.12,0.05,0.05,0,0,0,0,0,5
0,3,12,2,43,43,0,0,0,0,0,0,0,0,0,0,0,0,0,0,0,0,122,202,0,0,0,0,1,0,0.01,255,255,1,0,0.01,0,0,0,0,0,5
0,1,59,4,0,0,0,0,0,0,0,0,0,0,0,0,0,0,0,0,0,0,205,17,1,1,0,0,0.08,0.06,0,255,17,0.07,0.07,0,0,1,1,0,0,1
0,1,25,2,324,2302,0,0,0,0,0,1,0,0,0,0,0,0,0,0,0,0,22,28,0,0,0,0,1,0,0.14,255,255,1,0,0,0,0,0,0,0,5
0,1,67,4,0,0,0,0,0,0,0,0,0,0,0,0,0,0,0,0,0,0,228,13,1,1,0,0,0.06,0.07,0,255,13,0.05,0.07,0,0,1,1,0,0,1
0,1,20,4,0,0,0,0,0,0,0,0,0,0,0,0,0,0,0,0,0,0,50,11,1,1,0,0,0.22,0.08,0,255,63,0.25,0.02,0.01,0,1,1,0,0,1
0,1,3,4,0,0,0,0,0,0,0,0,0,0,0,0,0,0,0,0,0,0,262,12,1,1,0,0,0.05,0.06,0,255,9,0.04,0.07,0,0,1,1,0,0,1
2,1,55,2,1591,372,0,0,0,0,0,1,0,0,0,0,0,0,0,0,0,0,1,2,0,0,0,0,1,0,1,181,147,0.81,0.02,0.01,0,0,0,0,0,5
9052,3,45,2,146,105,0,0,0,0,0,0,0,0,0,0,0,0,0,0,0,0,4,2,0,0,0,0,0.5,0.5,0,255,2,0.01,0.66,0.99,0,0,0,0,0,5
0,1,25,2,290,3006,0,0,0,0,0,1,0,0,0,0,0,0,0,0,0,0,11,11,0,0,0,0,1,0,0,255,255,1,0,0,0,0,0,0,0,5
0,1,8,4,0,0,0,0,0,0,0,0,0,0,0,0,0,0,0,0,0,0,108,11,1,1,0,0,0.1,0.08,0,255,11,0.04,0.07,0,0,1,1,0,0,1
0,3,50,2,28,0,0,3,0,0,0,0,0,0,0,0,0,0,0,0,0,0,80,80,0,0,0,0,1,0,0,255,80,0.31,0.02,0.31,0,0,0,0,0,1
0,1,25,2,255,861,0,0,0,0,0,1,0,0,0,0,0,0,0,0,0,0,44,44,0.02,0.02,0,0,1,0,0,255,255,1,0,0,0,0,0,0,0,5
0,1,20,4,0,0,0,0,0,0,0,0,0,0,0,0,0,0,0,0,0,0,258,17,1,1,0,0,0.07,0.05,0,255,5,0.02,0.07,0,0,1,1,0,0,1
0,1,25,2,302,498,0,0,0,0,0,1,0,0,0,0,0,0,0,0,0,0,10,10,0,0,0,0,1,0,0,131,255,1,0,0.01,0.04,0,0,0,0,5
0,1,50,1,0,0,0,0,0,0,0,0,0,0,0,0,0,0,0,0,0,0,61,4,0,0,1,1,0.07,0.1,0,255,4,0.02,0.08,0,0,0,0,1,1,1
0,3,50,2,28,0,0,3,0,0,0,0,0,0,0,0,0,0,0,0,0,0,2,2,0,0,0,0,1,0,0,255,2,0.01,0.02,0.01,0,0,0,0.77,0,1
0,1,25,2,220,1398,0,0,0,0,0,1,0,0,0,0,0,0,0,0,0,0,26,42,0,0,0,0,1,0,0.05,26,255,1,0,0.04,0.03,0,0,0,0,5
0,3,12,2,43,69,0,0,0,0,0,0,0,0,0,0,0,0,0,0,0,0,120,120,0,0,0,0,1,0,0,255,245,0.96,0.01,0.01,0,0,0,0,0,5
0,3,12,2,44,133,0,0,0,0,0,0,0,0,0,0,0,0,0,0,0,0,73,75,0,0,0,0,1,0,0.03,122,212,0.88,0.02,0.88,0.01,0,0,0.08,0,5
0,2,15,2,8,0,0,0,0,0,0,0,0,0,0,0,0,0,0,0,0,0,1,15,0,0,0,0,1,0,1,2,46,1,0,1,0.26,0,0,0,0,4
0,1,67,4,0,0,0,0,0,0,0,0,0,0,0,0,0,0,0,0,0,0,135,9,1,1,0,0,0.07,0.06,0,255,11,0.04,0.07,0,0,1,1,0,0,1
0,1,19,4,0,0,0,0,0,0,0,0,0,0,0,0,0,0,0,0,0,0,24,12,1,1,0,0,0.5,0.08,0,255,59,0.23,0.04,0,0,1,1,0,0,1
0,3,12,2,43,43,0,0,0,0,0,0,0,0,0,0,0,0,0,0,0,0,148,228,0,0,0,0,1,0,0.01,255,255,1,0,0.01,0,0,0,0,0,5
0,1,20,2,641,0,0,0,0,0,0,1,0,0,0,0,0,0,0,0,0,0,2,2,0,0,0,0,1,0,0,175,48,0.25,0.02,0.25,0.04,0,0,0,0,5
0,1,50,1,0,0,0,0,0,0,0,0,0,0,0,0,0,0,0,0,0,0,206,4,0,0,1,1,0.02,0.06,0,255,4,0.02,0.08,0,0,0,0,1,1,1
0,1,50,1,0,0,0,0,0,0,0,0,0,0,0,0,0,0,0,0,0,0,175,1,0.1,0,0.89,1,0.01,1,0,255,1,0,0.84,0,0,0.07,0,0.62,1,4
0,1,25,2,310,2794,0,0,0,0,0,1,0,0,0,0,0,0,0,0,0,0,4,4,0,0,0,0,1,0,0,255,255,1,0,0,0,0,0,0,0,5
0,1,50,1,0,0,0,0,0,0,0,0,0,0,0,0,0,0,0,0,0,0,63,10,0,0,1,1,0.16,0.08,0,255,10,0.04,0.07,0,0,0,0,1,1,1
0,1,55,2,696,333,0,0,0,0,0,1,0,0,0,0,0,0,0,0,0,0,1,1,0,0,0,0,1,0,0,109,133,0.39,0.04,0.01,0.02,0,0,0,0,5
0,1,25,4,0,0,0,0,0,0,0,0,0,0,0,0,0,0,0,0,0,0,52,19,1,1,0,0,0.37,0.08,0,255,67,0.26,0.02,0,0,1,1,0,0,1
0,1,38,1,0,0,0,0,0,0,0,0,0,0,0,0,0,0,0,0,0,0,125,7,0,0,1,1,0.06,0.06,0,255,6,0.02,0.07,0,0,0,0,1,1,1
0,1,59,4,0,0,0,0,0,0,0,0,0,0,0,0,0,0,0,0,0,0,168,21,1,1,0,0,0.12,0.06,0,255,21,0.08,0.06,0,0,1,1,0,0,1
0,1,25,2,221,2878,0,0,0,0,0,1,0,0,0,0,0,0,0,0,0,0,1,1,0,0,0,0,1,0,0,21,58,1,0,0.05,0.03,0,0,0,0,5
0,1,50,4,0,0,0,0,0,0,0,0,0,0,0,0,0,0,0,0,0,0,145,16,1,1,0,0,0.11,0.06,0,255,31,0.12,0.05,0,0,1,1,0,0,1
0,2,66,2,181,0,0,0,0,0,0,0,0,0,0,0,0,0,0,0,0,0,3,2,0,0,0,0,0.67,0.67,0,255,93,0.36,0.01,0.46,0,0,0,0,0,5
0,3,12,2,42,42,0,0,0,0,0,0,0,0,0,0,0,0,0,0,0,0,9,14,0,0,0,0,1,0,0.21,84,83,0.99,0.02,0.01,0,0,0,0,0,5
0,1,50,4,0,0,0,0,0,0,0,0,0,0,0,0,0,0,0,0,0,0,138,6,1,1,0,0,0.04,0.06,0,255,6,0.02,0.07,0,0,1,1,0,0,1
0,1,20,2,12,0,0,0,0,0,0,1,0,0,0,0,0,0,0,0,0,0,1,1,0,0,0,0,1,0,0,44,47,0.55,0.07,0.55,0.04,0,0,0,0,5
0,1,5,4,0,0,0,0,0,0,0,0,0,0,0,0,0,0,0,0,0,0,276,9,1,1,0,0,0.03,0.06,0,255,9,0.04,0.06,0,0,1,1,0,0,1
0,1,25,2,210,2790,0,0,0,0,0,1,0,0,0,0,0,0,0,0,0,0,10,27,0,0,0,0,1,0,0.11,48,255,1,0,0.02,0.09,0,0,0,0,5
0,1,25,2,321,5683,0,0,0,0,0,1,0,0,0,0,0,0,0,0,0,0,10,10,0,0,0,0,1,0,0,168,255,1,0,0.01,0.04,0,0,0,0,5
0,1,50,1,0,0,0,0,0,0,0,0,0,0,0,0,0,0,0,0,0,0,248,8,0,0,1,1,0.03,0.06,0,255,8,0.03,0.07,0,0,0,0,1,1,1
0,1,25,2,329,3982,0,0,0,0,0,1,0,0,0,0,0,0,0,0,0,0,2,31,0,0,0,0,1,0,0.1,24,255,1,0,0.04,0.05,0,0,0,0,5
0,1,67,1,0,0,0,0,0,0,0,0,0,0,0,0,0,0,0,0,0,0,135,7,0,0,1,1,0.05,0.07,0,255,7,0.03,0.07,0,0,0,0,1,1,1
0,1,12,4,0,0,0,0,0,0,0,0,0,0,0,0,0,0,0,0,0,0,220,19,1,1,0,0,0.09,0.05,0,255,2,0.01,0.07,0,0,1,1,0,0,1
0,2,15,2,8,0,0,0,0,0,0,0,0,0,0,0,0,0,0,0,0,0,1,44,0,0,0,0,1,0,1,1,95,1,0,1,0.51,0,0,0,0,4
0,1,25,2,320,379,0,0,0,0,0,1,0,0,0,0,0,0,0,0,0,0,9,9,0,0,0,0,1,0,0,123,255,1,0,0.01,0.02,0,0,0,0,5
0,1,50,4,0,0,0,0,0,0,0,0,0,0,0,0,0,0,0,0,0,0,212,7,1,1,0,0,0.03,0.05,0,72,7,0.1,0.11,0.01,0,0.97,1,0,0,1
0,1,25,2,225,3762,0,0,0,0,0,1,0,0,0,0,0,0,0,0,0,0,10,10,0,0,0,0,1,0,0,255,255,1,0,0,0,0,0,0,0,5
0,1,20,4,0,0,0,0,0,0,0,0,0,0,0,0,0,0,0,0,0,0,250,13,1,1,0,0,0.05,0.06,0,255,1,0,0.07,0,0,1,1,0,0,1
0,1,50,1,0,0,0,0,0,0,0,0,0,0,0,0,0,0,0,0,0,0,132,15,0,0,1,1,0.11,0.05,0,255,15,0.06,0.06,0,0,0,0,1,1,1
315,3,45,2,146,105,0,0,0,0,0,0,0,0,0,0,0,0,0,0,0,0,3,2,0,0,0,0,0.67,0.67,0,117,2,0.02,0.54,0.78,0,0,0,0,0,5
0,1,25,2,247,1416,0,0,0,0,0,1,0,0,0,0,0,0,0,0,0,0,11,11,0,0,0,0,1,0,0,156,255,1,0,0.01,0.09,0,0,0.46,0.61,5
0,1,25,2,353,1483,0,0,0,0,0,1,0,0,0,0,0,0,0,0,0,0,3,9,0,0,0,0,1,0,0.33,255,255,1,0,0,0,0,0,0,0,5
0,3,12,2,44,44,0,0,0,0,0,0,0,0,0,0,0,0,0,0,0,0,109,189,0,0,0,0,0.99,0.02,0.01,255,254,1,0.01,0.01,0,0,0,0,0,5
0,1,50,1,0,0,0,0,0,0,0,0,0,0,0,0,0,0,0,0,0,0,146,18,0,0,1,1,0.12,0.05,0,255,10,0.04,0.08,0,0,0,0,1,1,1
0,1,8,4,0,0,0,0,0,0,0,0,0,0,0,0,0,0,0,0,0,0,300,6,1,1,0,0,0.02,0.06,0,255,3,0.01,0.07,0,0,1,1,0,0,1
2,1,55,2,3065,331,0,0,0,0,0,1,0,0,0,0,0,0,0,0,0,0,1,2,0,0,0,0,1,0,1,243,119,0.48,0.02,0,0.02,0.01,0.02,0,0,5
0,3,45,2,102,102,0,0,0,0,0,0,0,0,0,0,0,0,0,0,0,0,1,1,0,0,0,0,1,0,0,7,1,0.14,0.29,0.14,0,0,0,0,0,5
0,1,25,2,259,750,0,0,0,0,0,1,0,0,0,0,0,0,0,0,0,0,4,5,0,0,0,0,1,0,0.4,4,255,1,0,0.25,0.03,0,0,0,0,5
1082,3,45,2,147,105,0,0,0,0,0,0,0,0,0,0,0,0,0,0,0,0,2,2,0,0,0,0,1,0,0,255,2,0.01,0.42,0.86,0,0,0,0,0,5
0,1,50,4,0,0,0,0,0,0,0,0,0,0,0,0,0,0,0,0,0,0,129,16,1,1,0,0,0.12,0.05,0,255,12,0.05,0.05,0,0,1,1,0,0,1
0,1,25,2,0,354,0,0,0,0,0,0,0,0,0,0,0,0,0,0,0,0,32,32,0.03,0.03,0,0,1,0,0,255,255,1,0,0,0,0,0,0,0,5
0,1,25,2,309,306,0,0,0,0,0,1,0,0,0,0,0,0,0,0,0,0,1,1,0,0,0,0,1,0,0,66,255,1,0,0.02,0.02,0,0,0,0,5
0,1,25,1,0,0,0,0,0,0,0,0,0,0,0,0,0,0,0,0,0,0,1,2,0,0,1,1,1,0,1,1,247,1,0,1,0.15,0,0,1,0.68,5
0,1,25,2,278,7227,0,0,0,0,0,1,0,0,0,0,0,0,0,0,0,0,3,3,0,0,0,0,1,0,0,153,255,1,0,0.01,0.05,0,0,0,0,5
0,3,50,2,28,0,0,3,0,0,0,0,0,0,0,0,0,0,0,0,0,0,82,82,0,0,0,0,1,0,0,255,182,0.71,0.29,0.71,0,0.09,0,0.2,0,1
0,1,25,2,313,761,0,0,0,0,0,1,0,0,0,0,0,0,0,0,0,0,1,1,0,0,0,0,1,0,0,43,255,1,0,0.02,0.03,0,0,0,0,5
0,1,25,2,219,1212,0,0,0,0,0,1,0,0,0,0,0,0,0,0,0,0,15,15,0,0,0,0,1,0,0,242,255,1,0,0,0.01,0,0,0,0,5
0,1,25,2,245,9165,0,0,0,0,0,1,0,0,0,0,0,0,0,0,0,0,2,3,0,0,0,0,1,0,0.67,10,255,1,0,0.1,0.05,0,0,0,0,5
0,1,25,2,328,2243,0,0,0,0,0,1,0,0,0,0,0,0,0,0,0,0,21,21,0,0,0,0,1,0,0,21,255,1,0,0.05,0.04,0,0,0,0,5
0,1,25,1,0,0,0,0,0,0,0,0,0,0,0,0,0,0,0,0,0,0,1,1,0,0,1,1,1,0,0,23,249,1,0,0.04,0.1,0,0,1,0.96,5
0,1,25,2,251,301,0,0,0,0,0,1,0,0,0,0,0,0,0,0,0,0,3,7,0,0,0,0,1,0,0.29,255,252,0.99,0.01,0,0,0,0,0,0,5
0,1,55,2,2089,335,0,0,0,0,0,1,0,0,0,0,0,0,0,0,0,0,2,2,0,0,0,0,0.5,1,1,255,152,0.6,0.03,0,0,0.01,0.02,0,0.01,5
0,1,25,1,0,0,0,0,0,0,0,0,0,0,0,0,0,0,0,0,0,0,1,1,0,0,1,1,1,0,0,6,255,1,0,0.17,0.21,0,0,1,0.88,5
0,1,25,2,237,511,0,0,0,0,0,1,0,0,0,0,0,0,0,0,0,0,1,1,0,0,0,0,1,0,0,3,255,1,0,0.33,0.01,0,0,0,0,5
0,1,25,2,324,431,0,0,0,0,0,1,0,0,0,0,0,0,0,0,0,0,4,5,0,0,0,0,1,0,0.4,107,255,1,0,0.01,0.02,0,0,0,0,5
25950,1,50,5,1,0,0,0,0,0,0,0,0,0,0,0,0,0,0,0,0,0,2,2,0,0,1,1,1,0,0,255,2,0.01,0.69,1,0,0,0,1,1,4
0,1,3,1,0,0,0,0,0,0,0,0,0,0,0,0,0,0,0,0,0,0,110,17,0,0,1,1,0.15,0.05,0,255,17,0.07,0.07,0,0,0,0,1,1,1
0,3,50,2,105,145,0,0,0,0,0,0,0,0,0,0,0,0,0,0,0,0,4,1,0,0,0,0,0.25,0.5,0,255,239,0.94,0.01,0,0,0,0,0,0,5
0,1,25,2,218,974,0,0,0,0,0,1,0,0,0,0,0,0,0,0,0,0,6,6,0,0,0,0,1,0,0,6,255,1,0,0.17,0.02,0,0.01,0,0,5
0,1,25,2,325,2649,0,0,0,0,0,1,0,0,0,0,0,0,0,0,0,0,7,7,0,0,0,0,1,0,0,107,255,1,0,0.01,0.01,0,0,0,0,5
0,1,67,1,0,0,0,0,0,0,0,0,0,0,0,0,0,0,0,0,0,0,246,20,0,0,1,1,0.08,0.07,0,255,20,0.08,0.07,0,0,0,0,1,1,1
0,1,6,1,0,0,0,0,0,0,0,0,0,0,0,0,0,0,0,0,0,0,272,19,0,0,1,1,0.07,0.07,0,255,19,0.07,0.08,0,0,0,0,1,1,1
0,1,8,4,0,0,0,0,0,0,0,0,0,0,0,0,0,0,0,0,0,0,259,8,1,1,0,0,0.03,0.07,0,255,8,0.03,0.08,0,0,1,1,0,0,1
240,1,25,2,328,275,0,0,0,0,0,1,0,0,0,0,0,0,0,0,0,0,9,10,0,0,0,0.1,1,0,0.2,255,250,0.98,0.01,0,0,0,0,0,0,5
0,1,6,4,0,0,0,0,0,0,0,0,0,0,0,0,0,0,0,0,0,0,294,6,1,1,0,0,0.02,0.05,0,255,8,0.03,0.07,0,0,1,1,0,0,1
0,1,19,2,9,138,0,0,0,0,0,0,0,0,0,0,0,0,0,0,0,0,1,1,0,0,0,0,1,0,0,195,10,0.03,0.03,0.01,0.2,0.01,0,0.01,0,5
0,3,12,2,46,46,0,0,0,0,0,0,0,0,0,0,0,0,0,0,0,0,96,178,0,0,0,0,1,0,0.02,255,254,1,0.01,0.01,0,0,0,0,0,5
1,1,55,2,1079,334,0,0,0,0,0,1,0,0,0,0,1,0,0,0,0,0,1,1,0,0,0,0,1,0,0,138,167,0.57,0.03,0.01,0.01,0,0,0,0,5
0,3,12,2,45,139,0,0,0,0,0,0,0,0,0,0,0,0,0,0,0,0,79,159,0,0,0,0,1,0,0.01,255,254,1,0.01,0,0,0,0,0,0,5
26,1,20,2,273,903,0,0,0,5,0,1,0,0,0,0,0,0,0,0,0,1,1,1,0,0,0,0,1,0,0,176,49,0.28,0.02,0.01,0,0.01,0.02,0,0,5
0,1,50,4,0,0,0,0,0,0,0,0,0,0,0,0,0,0,0,0,0,0,190,20,1,1,0,0,0.11,0.06,0,255,20,0.08,0.08,0,0,1,1,0,0,1
0,1,33,1,0,0,0,0,0,0,0,0,0,0,0,0,0,0,0,0,0,0,135,5,0,0,1,1,0.04,0.06,0,255,1,0,0.07,0,0,0,0,1,1,1
0,1,25,2,237,138,0,0,0,0,0,1,0,0,0,0,0,0,0,0,0,0,2,2,0,0,0,0,1,0,0,2,2,1,0,0.5,0,0,0,0,0,5
0,1,25,2,225,1357,0,0,0,0,0,1,0,0,0,0,0,0,0,0,0,0,1,1,0,0,0,0,1,0,0,5,255,1,0,0.2,0.02,0,0,0,0,5
0,1,50,4,0,0,0,0,0,0,0,0,0,0,0,0,0,0,0,0,0,0,123,7,1,1,0,0,0.06,0.06,0,255,7,0.03,0.08,0,0,1,1,0,0,1
0,1,59,4,0,0,0,0,0,0,0,0,0,0,0,0,0,0,0,0,0,0,245,20,1,1,0,0,0.08,0.06,0,255,7,0.03,0.07,0,0,1,1,0,0,1
0,3,45,2,147,0,0,0,0,0,0,0,0,0,0,0,0,0,0,0,0,0,3,1,0,0,0,0,0.33,0.67,0,255,1,0,0.61,0.97,0,0,0,0,0,5
0,1,25,2,262,1011,0,0,0,0,0,1,0,0,0,0,0,0,0,0,0,0,3,4,0,0,0,0,1,0,0.5,94,255,1,0,0.02,0.01,0,0,0,0,5
0,2,16,2,1032,0,0,0,0,0,0,0,0,0,0,0,0,0,0,0,0,0,263,263,0,0,0,0,1,0,0,255,255,1,0,1,0,0,0,0,0,1
0,1,50,4,0,0,0,0,0,0,0,0,0,0,0,0,0,0,0,0,0,0,109,13,1,1,0,0,0.12,0.06,0,255,7,0.03,0.06,0,0,1,1,0,0,1
0,1,25,2,261,8412,0,0,0,0,0,1,0,0,0,0,0,0,0,0,0,0,9,9,0,0,0,0,1,0,0,255,255,1,0,0,0,0,0,0,0,5
0,1,6,1,0,0,0,0,0,0,0,0,0,0,0,0,0,0,0,0,0,0,145,8,0,0,1,1,0.06,0.08,0,255,8,0.03,0.09,0,0,0,0,1,1,1
0,1,38,1,0,0,0,0,0,0,0,0,0,0,0,0,0,0,0,0,0,0,250,2,0,0,1,1,0.01,0.07,0,255,2,0.01,0.07,0,0,0,0,1,1,1
0,1,25,2,294,1719,0,0,0,0,0,1,0,0,0,0,0,0,0,0,0,0,8,8,0,0,0,0,1,0,0,108,255,1,0,0.01,0.01,0,0,0,0,5
0,1,25,2,221,981,0,0,0,0,0,1,0,0,0,0,0,0,0,0,0,0,2,3,0,0,0,0,1,0,0.67,50,82,1,0,0.02,0.04,0,0,0,0,5
0,1,25,2,284,10352,0,0,0,0,0,1,0,0,0,0,0,0,0,0,0,0,2,2,0,0,0,0,1,0,0,11,255,1,0,0.09,0.07,0,0,0,0,5
0,1,22,6,0,0,0,0,0,0,0,0,0,0,0,0,0,0,0,0,0,0,1,1,1,1,0,0,1,0,0,255,1,0,1,1,0,1,1,0,0,4
0,1,25,2,309,16096,0,0,0,0,0,1,0,0,0,0,0,0,0,0,0,0,3,3,0,0,0,0,1,0,0,31,129,1,0,0.03,0.02,0,0,0,0,5
0,1,20,2,334,0,0,0,0,0,0,1,0,0,0,0,0,0,0,0,0,0,2,2,0,0,0,0,1,0,0,6,26,1,0,1,0.19,0,0,0,0,3
0,1,61,4,0,0,0,0,0,0,0,0,0,0,0,0,0,0,0,0,0,0,13,4,1,1,0,0,0.31,0.31,0,255,64,0.25,0.02,0.01,0,1,1,0,0,1
0,1,50,4,0,0,0,0,0,0,0,0,0,0,0,0,0,0,0,0,0,0,87,1,1,1,0,0,0.01,0.07,0,255,1,0,0.06,0,0,1,1,0,0,1
0,1,25,2,214,283,0,0,0,0,0,1,0,0,0,0,0,0,0,0,0,0,2,2,0,0,0,0,1,0,0,27,255,1,0,0.04,0.05,0,0.01,0,0,5
0,1,69,4,0,0,0,0,0,0,0,0,0,0,0,0,0,0,0,0,0,0,292,13,1,1,0,0,0.04,0.05,0,255,14,0.05,0.08,0,0,1,1,0,0,1
0,1,60,4,0,0,0,0,0,0,0,0,0,0,0,0,0,0,0,0,0,0,295,18,1,1,0,0,0.06,0.05,0,255,1,0,0.08,0,0,1,1,0,0,1
0,1,25,4,0,0,0,0,0,0,0,0,0,0,0,0,0,0,0,0,0,0,143,15,1,1,0,0,0.1,0.06,0,255,15,0.06,0.05,0,0,1,1,0,0,1
0,3,12,2,46,78,0,0,0,0,0,0,0,0,0,0,0,0,0,0,0,0,278,277,0,0,0,0,1,0.01,0,255,254,1,0.01,0,0,0,0,0,0,5
0,1,20,2,748,0,0,0,0,0,0,1,0,0,0,9,0,0,0,0,0,0,1,1,0,0,0,0,1,0,0,6,92,0.83,0.33,0.83,0.03,0,0,0,0,5
0,1,17,4,0,0,0,0,0,0,0,0,0,0,0,0,0,0,0,0,0,0,102,19,1,1,0,0,0.19,0.06,0,255,18,0.07,0.06,0,0,1,1,0,0,1
0,2,15,2,8,0,0,0,0,0,0,0,0,0,0,0,0,0,0,0,0,0,1,46,0,0,0,0,1,0,1,1,15,1,0,1,0.53,0,0,0,0,4
0,1,70,4,0,0,0,0,0,0,0,0,0,0,0,0,0,0,0,0,0,0,251,3,1,1,0,0,0.01,0.07,0,255,3,0.01,0.08,0,0,1,1,0,0,1
0,1,25,2,329,8437,0,0,0,0,0,1,0,0,0,0,0,0,0,0,0,0,4,4,0,0,0,0,1,0,0,83,255,1,0,0.01,0.04,0,0,0,0,5
0,1,20,2,9,0,0,0,0,0,0,1,0,0,0,0,0,0,0,0,0,0,2,2,0,0,0,0,1,0,0,185,119,0.5,0.38,0.5,0.02,0,0,0.37,0.01,5
0,3,12,2,46,128,0,0,0,0,0,0,0,0,0,0,0,0,0,0,0,0,222,302,0,0,0,0,1,0,0.01,255,253,0.99,0.01,0,0,0,0,0,0,5
0,1,20,2,1766,0,0,0,0,0,0,1,0,0,0,0,0,0,0,0,0,0,2,2,0,0,0,0,1,0,0,255,6,0.02,0.02,0.02,0,0,0,0.83,0,5
0,1,52,4,0,0,0,0,0,0,0,0,0,0,0,0,0,0,0,0,0,0,260,4,1,1,0,0,0.02,0.06,0,255,4,0.02,0.07,0,0,1,1,0,0,1
7,1,19,2,8,135,0,0,0,0,0,0,0,0,0,0,0,0,0,0,0,0,1,1,0,0,0,0,1,0,0,196,6,0.03,0.03,0.01,0.33,0,0,0.01,0,5
0,1,25,2,266,529,0,0,0,0,0,1,0,0,0,0,0,0,0,0,0,0,1,6,0,0,0,0,1,0,0.67,94,255,1,0,0.01,0.02,0,0,0,0,5
0,1,20,2,245,0,0,0,0,0,0,0,0,0,0,0,0,0,0,0,0,0,3,2,0,0,0,0,0.67,0.67,0,99,68,0.32,0.06,0.32,0.03,0,0,0,0,5
0,1,25,2,295,465,0,0,0,0,0,1,0,0,0,0,0,0,0,0,0,0,11,12,0,0,0,0,1,0,0.17,69,255,1,0,0.01,0.04,0,0,0,0,5
0,1,22,4,0,0,0,0,0,0,0,0,0,0,0,0,0,0,0,0,0,0,44,12,1,1,0,0,0.27,0.11,0,255,12,0.05,0.08,0,0,1,1,0,0,1
0,1,25,2,228,6834,0,0,0,0,0,1,0,0,0,0,0,0,0,0,0,0,2,7,0,0,0,0,1,0,0.57,18,19,1,0,0.06,0.11,0,0,0,0,5
0,2,16,2,1032,0,0,0,0,0,0,0,0,0,0,0,0,0,0,0,0,0,511,511,0,0,0,0,1,0,0,255,212,0.83,0.02,0.83,0,0,0,0,0,1
0,1,29,1,0,0,0,0,0,0,0,0,0,0,0,0,0,0,0,0,0,0,272,15,0,0,1,1,0.06,0.06,0,255,15,0.06,0.07,0,0,0,0,1,1,1
0,1,50,4,0,0,0,0,0,0,0,0,0,0,0,0,0,0,0,0,0,0,122,19,0.99,1,0,0,0.16,0.07,0,255,19,0.07,0.05,0,0,1,1,0,0,1
0,1,70,4,0,0,0,0,0,0,0,0,0,0,0,0,0,0,0,0,0,0,287,3,1,1,0,0,0.01,0.05,0,255,3,0.01,0.05,0,0,1,1,0,0,1
0,1,25,1,0,0,0,0,0,0,0,0,0,0,0,0,0,0,0,0,0,0,1,3,0,0,1,1,1,0,1,118,195,1,0,0.01,0.02,0,0,0.74,0.84,5
0,1,30,4,0,0,0,0,0,0,0,0,0,0,0,0,0,0,0,0,0,0,286,9,1,1,0,0,0.03,0.06,0,255,11,0.04,0.07,0,0,1,1,0,0,1
0,2,16,2,30,0,0,0,0,0,0,0,0,0,0,0,0,0,0,0,0,0,1,1,0,0,0,0,1,0,0,247,247,1,0,1,0,0,0,0,0,5
1,1,55,2,2078,333,0,0,0,0,0,1,0,0,0,0,0,0,0,0,0,0,1,2,0,0,0,0,1,0,1,89,117,0.31,0.03,0.01,0.02,0,0,0,0,5
0,1,20,2,19,0,0,0,0,0,0,0,0,0,0,0,0,0,0,0,0,0,1,1,0,0,0,0,1,0,0,201,5,0.02,0.04,0.02,0,0,0,0,0,5
0,1,55,2,661,329,0,0,0,0,0,1,0,0,0,0,0,0,0,0,0,0,1,1,0,0,0,0,1,0,0,163,69,0.36,0.02,0.01,0.03,0,0,0,0,5
0,3,50,2,28,0,0,3,0,0,0,0,0,0,0,0,0,0,0,0,0,0,35,34,0,0,0.03,0,0.97,0.06,0,255,34,0.13,0.02,0.13,0,0,0,0.67,0,1
0,1,20,4,0,0,0,0,0,0,0,0,0,0,0,0,0,0,0,0,0,0,28,2,1,1,0,0,0.07,0.14,0,255,42,0.16,0.03,0,0,1,1,0,0,1
0,1,50,4,0,0,0,0,0,0,0,0,0,0,0,0,0,0,0,0,0,0,108,18,1,1,0,0,0.17,0.07,0,255,18,0.07,0.07,0,0,1,1,0,0,1
0,1,50,4,0,0,0,0,0,0,0,0,0,0,0,0,0,0,0,0,0,0,101,5,1,1,0,0,0.05,0.06,0,255,15,0.06,0.07,0,0,1,1,0,0,1
0,1,55,2,1075,364,0,0,0,0,0,1,0,0,0,0,0,0,0,0,0,0,1,2,0,0,0,0,1,0,1,255,100,0.39,0.17,0,0,0,0,0,0,5
0,1,25,2,223,656,0,0,0,0,0,1,0,0,0,0,0,0,0,0,0,0,12,21,0,0,0,0,1,0,0.14,172,255,1,0,0.01,0.02,0,0,0,0,5
15159,1,20,2,350,1185,0,0,0,6,0,1,0,0,0,0,0,0,0,0,0,1,1,2,0,0,0,0,1,0,1,255,142,0.56,0.02,0,0,0,0,0,0,3
0,1,25,2,233,2470,0,0,0,0,0,1,0,0,0,0,0,0,0,0,0,0,10,10,0,0,0,0,1,0,0,32,255,1,0,0.03,0.01,0,0,0,0,5
0,1,50,4,0,0,0,0,0,0,0,0,0,0,0,0,0,0,0,0,0,0,223,10,1,1,0,0,0.04,0.07,0,255,9,0.04,0.05,0,0,1,1,0,0,1
0,1,14,4,0,0,0,0,0,0,0,0,0,0,0,0,0,0,0,0,0,0,223,17,1,1,0,0,0.08,0.06,0,255,17,0.07,0.06,0,0,1,1,0,0,1
0,1,25,2,201,1938,0,0,0,0,0,1,0,0,0,0,0,0,0,0,0,0,19,34,0,0,0,0,1,0,0.06,44,255,1,0,0.02,0.03,0,0,0,0,5
0,1,25,2,271,4781,0,0,0,0,0,1,0,0,0,0,0,0,0,0,0,0,4,7,0,0,0,0,1,0,0.29,11,28,1,0,0.09,0.25,0,0,0,0,5
0,1,20,2,14416,0,0,0,0,0,0,1,0,0,0,0,0,0,0,0,0,0,1,1,0,0,0,0,1,0,0,205,50,0.19,0.02,0.19,0.04,0,0,0,0,5
0,1,25,2,227,11564,0,0,0,0,0,1,0,0,0,0,0,0,0,0,0,0,5,6,0,0,0,0,1,0,0.33,41,52,1,0,0.02,0.04,0,0,0,0,5
0,1,50,1,0,0,0,0,0,0,0,0,0,0,0,0,0,0,0,0,0,0,406,1,0,0,1,1,0,0.52,0,255,1,0,0.52,1,0,0,0,1,1,4
0,1,25,2,225,2445,0,0,0,0,0,1,0,0,0,0,0,0,0,0,0,0,4,5,0,0,0,0,1,0,0.4,255,255,1,0,0,0,0,0,0,0,5
0,1,25,2,176,426,0,0,0,0,0,1,0,0,0,0,0,0,0,0,0,0,6,6,0,0,0,0,1,0,0,255,255,1,0,0,0,0,0,0,0,5
0,1,31,4,0,0,0,0,0,0,0,0,0,0,0,0,0,0,0,0,0,0,143,14,1,1,0,0,0.1,0.06,0,255,14,0.05,0.06,0,0,1,1,0,0,1
0,1,25,2,227,762,0,0,0,0,0,1,0,0,0,0,0,0,0,0,0,0,17,17,0,0,0,0,1,0,0,202,255,1,0,0,0.02,0,0,0,0,5
0,1,55,2,855,575,0,0,0,0,0,1,0,0,0,0,0,0,0,0,0,0,1,1,0,0,0,0,1,0,0,255,20,0.08,0.02,0,0,0,0,0,0,5
0,1,55,2,944,330,0,0,0,0,0,1,0,0,0,0,0,0,0,0,0,0,1,1,0,0,0,0,1,0,0,214,166,0.63,0.02,0,0.01,0,0,0,0,5
0,1,55,2,954,326,0,0,0,0,0,1,0,0,0,0,0,0,0,0,0,0,2,1,0,0,0,0,0.5,1,0,28,104,0.71,0.11,0.04,0.02,0,0,0,0,5
0,1,67,4,0,0,0,0,0,0,0,0,0,0,0,0,0,0,0,0,0,0,201,18,1,1,0,0,0.09,0.06,0,255,18,0.07,0.07,0,0,1,1,0,0,1
0,1,25,2,166,34660,0,0,0,0,0,1,0,0,0,0,0,0,0,0,0,0,1,1,0,0,0,0,1,0,0,16,255,1,0,0.06,0.06,0,0,0,0,5
0,1,25,2,306,2698,0,0,0,0,0,1,0,0,0,0,0,0,1,0,0,0,4,5,0,0,0,0.2,1,0,0.4,255,240,0.94,0.01,0,0,0,0,0.01,0,5
0,1,39,4,0,0,0,0,0,0,0,0,0,0,0,0,0,0,0,0,0,0,124,19,1,1,0,0,0.15,0.05,0,255,19,0.07,0.05,0,0,1,1,0,0,1
0,1,50,1,0,0,0,0,0,0,0,0,0,0,0,0,0,0,0,0,0,0,162,1,0.05,0,0.94,1,0.01,1,0,255,1,0,0.8,0,0,0.03,0,0.61,1,4
0,2,16,2,1480,0,0,1,0,0,0,0,0,0,0,0,0,0,0,0,0,0,2,4,0,0,0,0,1,0,0.5,2,38,1,0,1,0.5,0,0,0,0,1
0,1,30,4,0,0,0,0,0,0,0,0,0,0,0,0,0,0,0,0,0,0,277,17,1,1,0,0,0.06,0.05,0,255,17,0.07,0.07,0,0,1,1,0,0,1
0,1,25,2,313,8549,0,0,0,0,0,1,0,0,0,0,0,0,0,0,0,0,4,4,0,0,0,0,1,0,0,255,255,1,0,0,0,0,0,0,0,5
0,1,34,4,0,0,0,0,0,0,0,0,0,0,0,0,0,0,0,0,0,0,274,22,1,1,0,0,0.08,0.05,0,255,22,0.09,0.05,0,0,1,1,0,0,1
0,1,58,4,0,0,0,0,0,0,0,0,0,0,0,0,0,0,0,0,0,0,141,12,1,1,0,0,0.09,0.06,0,255,16,0.06,0.06,0,0,1,1,0,0,1
0,1,25,2,285,6008,0,0,0,0,0,1,0,0,0,0,0,0,0,0,0,0,3,3,0,0,0,0,1,0,0,128,255,1,0,0.01,0.01,0,0,0.01,0,5
0,1,25,2,226,1411,0,0,0,0,0,1,0,0,0,0,0,0,0,0,0,0,8,23,0,0,0,0,1,0,0.13,37,255,1,0,0.03,0.02,0,0,0,0,5
0,1,25,2,256,12984,0,0,0,0,0,1,0,0,0,0,0,0,0,0,0,0,1,1,0,0,0,0,1,0,0,34,255,1,0,0.03,0.04,0,0,0,0,5
1,1,55,2,3740,449,0,0,0,0,0,1,0,0,0,0,0,0,0,0,0,0,1,3,0,0,0,0,1,0,1,193,185,0.68,0.02,0.01,0.01,0,0,0,0,5
0,1,25,2,224,449,0,0,0,0,0,1,0,0,0,0,0,0,0,0,0,0,10,11,0.1,0.09,0,0,1,0,0.18,39,255,1,0,0.03,0.04,0.03,0,0,0,5
0,1,35,4,0,0,0,0,0,0,0,0,0,0,0,0,0,0,0,0,0,0,103,3,1,1,0,0,0.03,0.07,0,255,3,0.01,0.07,0,0,1,1,0,0,1
4,1,20,2,832,0,0,0,0,0,0,1,0,0,0,0,0,0,0,0,0,0,1,1,0,0,0,0,1,0,0,3,28,1,0,1,0.18,0,0,0,0,3
0,1,19,4,0,0,0,0,0,0,0,0,0,0,0,0,0,0,0,0,0,0,246,20,1,1,0,0,0.08,0.06,0,255,20,0.08,0.07,0,0,1,1,0,0,1
0,2,15,2,8,0,0,0,0,0,0,0,0,0,0,0,0,0,0,0,0,0,1,50,0,0,0,0,1,0,1,1,25,1,0,1,0.56,0,0,0,0,4
0,1,25,2,201,169,0,0,0,0,0,1,0,0,0,0,0,0,0,0,0,0,7,7,0,0,0,0,1,0,0,29,255,1,0,0.03,0.04,0.03,0,0,0,5
0,1,25,2,285,304,0,0,0,0,0,1,0,0,0,0,0,0,0,0,0,0,32,34,0,0,0,0,1,0,0.09,101,255,1,0,0.01,0.03,0,0,0,0,5
0,1,32,4,0,0,0,0,0,0,0,0,0,0,0,0,0,0,0,0,0,0,125,24,1,1,0,0,0.19,0.05,0,255,24,0.09,0.05,0,0,1,1,0,0,1
0,1,20,2,7422,0,0,0,0,0,0,1,0,0,0,0,0,0,0,0,0,0,8,8,0,0,0,0,1,0,0,255,44,0.17,0.02,0.17,0,0,0,0.72,0,5
0,1,25,2,198,12884,0,0,0,0,0,1,0,0,0,0,0,0,0,0,0,0,2,2,0,0,0,0,1,0,0,2,2,1,0,0.5,0,0,0,0,0,5
20,1,55,2,2310,328,0,0,0,0,0,1,0,0,0,0,0,0,0,0,0,0,1,3,0,0,0,0,1,0,1,255,157,0.62,0.02,0,0,0,0,0,0,5
0,1,25,2,331,955,0,0,0,0,0,1,0,0,0,0,0,0,0,0,0,0,6,6,0,0,0,0,1,0,0,38,255,1,0,0.03,0.01,0,0,0,0,5
0,2,66,2,65,0,0,0,0,0,0,0,0,0,0,0,0,0,0,0,0,0,9,2,0,0,0,0,0.22,0.22,0,255,16,0.06,0.01,0.06,0,0,0,0,0,5
0,3,50,2,28,0,0,3,0,0,0,0,0,0,0,0,0,0,0,0,0,0,4,4,0,0,0,0,1,0,0,255,71,0.28,0.01,0.28,0,0,0,0,0,1
0,3,12,2,45,77,0,0,0,0,0,0,0,0,0,0,0,0,0,0,0,0,171,173,0,0,0,0,1,0,0.01,255,232,0.91,0.01,0,0,0,0,0,0,5
0,1,20,3,0,0,0,0,0,0,0,0,0,0,0,0,0,0,0,0,0,0,250,3,0,0,1,1,0.01,0.06,0,255,3,0.01,0.07,0,0,0,0,1,1,1
0,1,5,4,0,0,0,0,0,0,0,0,0,0,0,0,0,0,0,0,0,0,238,7,1,1,0,0,0.03,0.07,0,255,7,0.03,0.07,0,0,1,1,0,0,1
0,1,32,4,0,0,0,0,0,0,0,0,0,0,0,0,0,0,0,0,0,0,102,2,1,1,0,0,0.02,0.07,0,255,2,0.01,0.06,0,0,1,1,0,0,1
0,1,19,2,9,142,0,0,0,0,0,0,0,0,0,0,0,0,0,0,0,0,1,1,0,0,0,0,1,0,0,235,12,0.05,0.03,0,0,0,0,0,0,5
0,1,25,2,283,912,0,0,0,0,0,1,0,0,0,0,0,0,0,0,0,0,2,2,0,0,0,0,1,0,0,75,255,1,0,0.01,0.03,0,0,0,0,5
0,1,25,2,221,1789,0,0,0,0,0,1,0,0,0,0,0,0,0,0,0,0,2,10,0.5,0.1,0,0.1,1,0,0.4,73,255,1,0,0.01,0.02,0.01,0,0,0,5
0,2,15,2,18,0,0,0,0,0,0,0,0,0,0,0,0,0,0,0,0,0,1,1,0,0,0,0,1,0,0,1,123,1,0,1,1,0,0,0,0,4
0,1,69,4,0,0,0,0,0,0,0,0,0,0,0,0,0,0,0,0,0,0,281,2,1,1,0,0,0.01,0.06,0,255,3,0.01,0.07,0,0,1,1,0,0,1
0,1,61,4,0,0,0,0,0,0,0,0,0,0,0,0,0,0,0,0,0,0,30,2,1,1,0,0,0.07,0.13,0,255,52,0.2,0.03,0,0,1,1,0,0,1
0,1,20,4,0,0,0,0,0,0,0,0,0,0,0,0,0,0,0,0,0,0,276,8,1,1,0,0,0.03,0.06,0,255,8,0.03,0.06,0,0,1,1,0,0,1
0,1,25,2,302,1380,0,0,0,0,0,1,0,0,0,0,0,0,0,0,0,0,5,5,0,0,0,0,1,0,0,212,187,0.88,0.02,0,0,0,0.01,0,0.01,5
0,1,50,4,0,0,0,0,0,0,0,0,0,0,0,0,0,0,0,0,0,0,163,9,1,1,0,0,0.06,0.09,0,255,9,0.04,0.1,0,0,1,1,0,0,1
0,2,15,2,8,0,0,0,0,0,0,0,0,0,0,0,0,0,0,0,0,0,1,21,0,0,0,0,1,0,1,2,60,1,0,1,0.5,0,0,0,0,4
0,1,50,4,0,0,0,0,0,0,0,0,0,0,0,0,0,0,0,0,0,0,301,20,1,1,0,0,0.07,0.06,0,255,19,0.07,0.05,0,0,1,1,0,0,1
0,1,25,2,355,870,0,0,0,0,0,1,0,0,0,0,0,0,0,0,0,0,28,28,0,0,0,0,1,0,0,255,255,1,0,0,0,0,0,0,0,5
0,2,15,2,8,0,0,0,0,0,0,0,0,0,0,0,0,0,0,0,0,0,1,23,0,0,0,0,1,0,1,1,63,1,0,1,0.51,0,0,0,0,4
18,1,61,2,106,1468,0,0,0,0,0,0,0,0,0,0,0,0,0,0,0,0,1,1,0,0,0,0,1,0,0,117,1,0.01,0.04,0.01,0,0,0,0,0,5
0,1,25,2,286,1423,0,0,0,0,0,1,0,0,0,0,0,0,0,0,0,0,16,16,0,0,0,0,1,0,0,64,255,1,0,0.02,0.05,0,0,0,0,5
9235,1,45,5,1,0,0,0,0,0,0,0,0,0,0,0,0,0,0,0,0,0,2,2,0,0,1,1,1,0,0,255,2,0.01,0.74,1,0,0,0,1,1,4
0,1,56,6,0,0,0,0,0,0,0,0,0,0,0,0,0,0,0,0,0,0,1,1,1,1,0,0,1,0,0,255,1,0,1,1,0,1,1,0,0,4
0,2,16,2,1032,0,0,0,0,0,0,0,0,0,0,0,0,0,0,0,0,0,46,46,0,0,0,0,1,0,0,255,46,0.18,0.02,0.18,0,0,0,0,0,1
0,1,25,2,168,9551,0,0,0,0,0,1,0,0,0,0,0,0,0,0,0,0,1,2,0,0,0,0,1,0,1,230,255,1,0,0.01,0.01,0,0,0,0,5
0,1,25,2,238,864,0,0,0,0,0,1,0,0,0,0,0,0,0,0,0,0,39,39,0,0,0,0,1,0,0,137,255,1,0,0.01,0.01,0,0,0,0,5
0,1,50,5,0,0,0,0,0,0,0,0,0,0,0,0,0,0,0,0,0,0,1,1,0,0,1,1,1,0,0,255,1,0,0.38,0.36,0,0,0,0.37,1,4
0,1,25,2,291,10369,0,0,0,0,0,1,0,0,0,0,0,0,0,0,0,0,6,6,0,0,0,0,1,0,0,13,255,1,0,0.08,0.05,0,0,0,0,5
0,1,69,4,0,0,0,0,0,0,0,0,0,0,0,0,0,0,0,0,0,0,211,22,1,1,0,0,0.1,0.05,0,255,22,0.09,0.05,0,0,1,1,0,0,1
0,1,55,2,749,330,0,0,0,0,0,1,0,0,0,0,0,0,0,0,0,0,1,1,0,0,0,0,1,0,0,27,129,0.74,0.11,0.04,0.02,0,0,0,0,5
0,1,25,2,198,6924,0,0,0,0,0,1,0,0,0,0,0,0,0,0,0,0,12,12,0,0,0,0,1,0,0,230,255,1,0,0,0.01,0,0,0.01,0.01,5
0,1,36,1,0,0,0,0,0,0,0,0,0,0,0,0,0,0,0,0,0,0,280,11,0,0,1,1,0.04,0.06,0,255,11,0.04,0.07,0,0,0,0,1,1,1
0,1,25,2,167,709,0,0,0,0,0,1,0,0,0,0,0,0,0,0,0,0,1,4,0,0,0,0.25,1,0,0.75,5,255,1,0,0.2,0.02,0,0,0,0,5
0,1,25,2,241,851,0,0,0,0,0,1,0,0,0,0,0,0,0,0,0,0,17,35,0,0,0,0,1,0,0.06,127,255,1,0,0.01,0.03,0,0,0,0,5
0,1,25,2,337,3360,0,0,0,0,0,1,0,0,0,0,0,0,0,0,0,0,6,6,0,0,0,0,1,0,0,255,255,1,0,0,0,0,0,0,0,5
0,1,55,2,729,328,0,0,0,0,0,1,0,0,0,0,0,0,0,0,0,0,1,1,0,0,0,0,1,0,0,106,156,0.41,0.04,0.01,0.01,0,0.01,0,0,5
0,2,15,2,8,0,0,0,0,0,0,0,0,0,0,0,0,0,0,0,0,0,1,44,0,0,0,0,1,0,1,1,111,1,0,1,0.51,0,0,0,0,4
0,1,8,4,0,0,0,0,0,0,0,0,0,0,0,0,0,0,0,0,0,0,201,1,1,1,0,0,0,0.06,0,255,4,0.02,0.07,0,0,1,1,0,0,1
0,1,25,2,222,1483,0,0,0,0,0,1,0,0,0,0,0,0,0,0,0,0,3,3,0,0,0,0,1,0,0,255,255,1,0,0.01,0,0,0,0,0,5
0,1,5,1,0,0,0,0,0,0,0,0,0,0,0,0,0,0,0,0,0,0,276,14,0,0,1,1,0.05,0.06,0,255,14,0.05,0.07,0,0,0,0,1,1,1
0,1,25,1,0,0,0,0,0,0,0,0,0,0,0,0,0,0,0,0,0,0,1,1,0,0,1,1,1,0,0,7,255,1,0,0.14,0.24,0,0,1,0.91,5
0,3,12,2,46,134,0,0,0,0,0,0,0,0,0,0,0,0,0,0,0,0,145,225,0,0,0,0,1,0,0.01,255,255,1,0,0,0,0,0,0,0,5
0,1,25,2,246,2719,0,0,0,0,0,1,0,0,0,0,0,0,0,0,0,0,1,1,0,0,0,0,1,0,0,1,255,1,0,1,0.07,0,0,0,0,5
0,1,25,2,222,771,0,0,0,0,0,1,0,0,0,0,0,0,0,0,0,0,8,8,0,0,0,0,1,0,0,45,255,1,0,0.02,0.02,0,0,0,0,5
0,1,69,4,0,0,0,0,0,0,0,0,0,0,0,0,0,0,0,0,0,0,258,10,1,1,0,0,0.04,0.05,0,255,10,0.04,0.05,0,0,1,1,0,0,1
0,1,50,4,0,0,0,0,0,0,0,0,0,0,0,0,0,0,0,0,0,0,256,12,1,1,0,0,0.05,0.06,0,255,10,0.04,0.07,0,0,1,1,0,0,1
409,1,61,2,279,9598,0,0,0,0,0,1,2,0,0,0,0,0,0,0,0,0,1,1,0,0,0,0,1,0,0,251,113,0.45,0.01,0,0,0.8,0.88,0,0,5
0,1,25,2,226,651,0,0,0,0,0,1,0,0,0,0,0,0,0,0,0,0,12,12,0,0,0,0,1,0,0,255,255,1,0,0.01,0,0,0,0,0,5
0,1,25,2,299,447,0,0,0,0,0,1,0,0,0,0,0,0,0,0,0,0,26,44,0,0,0,0,1,0,0.07,255,255,1,0,0,0,0,0,0,0,5
0,1,25,4,0,0,0,0,0,0,0,0,0,0,0,0,0,0,0,0,0,0,14,6,1,1,0,0,0.43,0.29,0,94,26,0.28,0.04,0.01,0,1,1,0,0,1
0,1,20,2,12,0,0,0,0,0,0,1,0,0,0,0,0,0,0,0,0,0,2,2,0,0,0,0,1,0,0,11,88,0.36,0.27,0.36,0.02,0,0.01,0,0,5
0,1,25,2,281,1951,0,0,0,0,0,1,0,0,0,0,0,0,0,0,0,0,30,31,0,0,0,0,1,0,0.06,77,255,1,0,0.01,0.03,0,0.01,0,0,5
0,1,6,4,0,0,0,0,0,0,0,0,0,0,0,0,0,0,0,0,0,0,138,25,1,1,0,0,0.18,0.05,0,255,25,0.1,0.05,0,0,1,1,0,0,1
0,3,12,2,42,42,0,0,0,0,0,0,0,0,0,0,0,0,0,0,0,0,4,6,0,0,0,0,1,0,0.5,255,245,0.96,0.01,0.01,0,0,0,0,0,5
0,1,20,4,0,0,0,0,0,0,0,0,0,0,0,0,0,0,0,0,0,0,300,7,1,1,0,0,0.02,0.06,0,255,7,0.03,0.07,0,0,1,1,0,0,1
0,1,64,4,0,0,0,0,0,0,0,0,0,0,0,0,0,0,0,0,0,0,199,9,1,1,0,0,0.05,0.07,0,255,9,0.04,0.07,0,0,1,1,0,0,1
0,1,25,2,263,453,0,0,0,0,0,1,0,0,0,0,0,0,0,0,0,0,15,15,0,0,0,0,1,0,0,255,255,1,0,0,0,0,0,0,0,5
36613,1,50,5,1,0,0,0,0,0,0,0,0,0,0,0,0,0,0,0,0,0,2,2,0,0,1,1,1,0,0,255,2,0.01,0.5,1,0,0,0,1,1,4
0,1,20,3,0,0,0,0,0,0,0,0,0,0,0,0,0,0,0,0,0,0,1,1,0,0,1,1,1,0,0,212,43,0.2,0.02,0,0,0,0,0.06,0.12,5
0,1,50,4,0,0,0,0,0,0,0,0,0,0,0,0,0,0,0,0,0,0,144,15,1,1,0,0,0.1,0.06,0,255,30,0.12,0.06,0,0,1,1,0,0,1
0,1,56,4,0,0,0,0,0,0,0,0,0,0,0,0,0,0,0,0,0,0,104,4,1,1,0,0,0.04,0.07,0,255,18,0.07,0.07,0,0,1,1,0,0,1
0,1,25,2,283,1980,0,0,0,0,0,1,0,0,0,0,0,0,0,0,0,0,18,18,0,0,0,0,1,0,0,18,255,1,0,0.06,0.03,0,0,0,0,5
0,1,25,2,161,5530,0,0,0,0,0,1,0,0,0,0,0,0,0,0,0,0,2,2,0,0,0,0,1,0,0,2,255,1,0,0.5,0.05,0,0,0,0,5
0,1,25,2,211,321,0,0,0,0,0,1,0,0,0,0,0,0,0,0,0,0,7,11,0,0,0,0,1,0,0.27,211,255,1,0,0,0.01,0,0,0,0,5
0,1,25,2,201,1701,0,0,0,0,0,1,0,0,0,0,0,0,0,0,0,0,7,7,0,0,0,0,1,0,0,32,255,1,0,0.03,0.04,0,0,0,0,5
0,2,15,2,8,0,0,0,0,0,0,0,0,0,0,0,0,0,0,0,0,0,1,25,0,0,0,0,1,0,1,4,112,1,0,1,0.25,0,0,0,0,4
0,3,45,2,147,0,0,0,0,0,0,0,0,0,0,0,0,0,0,0,0,0,3,1,0,0,0,0,0.33,0.67,0,255,1,0,0.67,0.95,0,0,0,0,0,5
0,1,50,4,0,0,0,0,0,0,0,0,0,0,0,0,0,0,0,0,0,0,74,16,1,1,0,0,0.22,0.05,0,255,5,0.02,0.06,0,0,1,1,0,0,1
0,1,20,2,567,0,0,0,0,0,0,0,0,0,0,0,0,0,0,0,0,0,1,1,0,0,0,0,1,0,0,53,38,0.25,0.09,0.25,0.05,0,0,0,0,5
0,1,24,1,0,0,0,0,0,0,0,0,0,0,0,0,0,0,0,0,0,0,225,2,0,0,1,1,0.01,0.07,0,255,2,0.01,0.08,0,0,0,0,1,1,1
0,1,61,4,0,0,0,0,0,0,0,0,0,0,0,0,0,0,0,0,0,0,66,16,0.97,1,0.03,0,0.24,0.09,0,255,52,0.2,0.04,0,0,1,1,0,0,1
5043,1,20,2,5131424,0,0,0,0,4,0,1,0,0,0,0,0,0,0,0,0,0,1,7,0,0.14,0,0,1,0,0.29,7,42,1,0,1,0.14,0,0.02,0,0,3
0,1,25,2,320,420,0,0,0,0,0,1,0,0,0,0,0,0,0,0,0,0,7,7,0,0,0,0,1,0,0,255,255,1,0,0.01,0,0,0,0,0,5
0,2,15,2,8,0,0,0,0,0,0,0,0,0,0,0,0,0,0,0,0,0,1,35,0,0,0,0,1,0,1,1,61,1,0,1,0.51,0,0,0,0,4
0,1,55,4,0,0,0,0,0,0,0,0,0,0,0,0,0,0,0,0,0,0,2,2,0.5,0.5,0,0,1,0,0,160,101,0.4,0.05,0.01,0.02,0.01,0.02,0,0,5
0,1,25,2,204,1229,0,0,0,0,0,1,0,0,0,0,0,0,0,0,0,0,4,4,0,0,0,0,1,0,0,54,255,1,0,0.02,0.04,0,0,0,0,5
0,1,64,5,0,0,0,0,0,0,0,0,0,0,0,0,0,0,0,0,0,0,1,1,0,0,1,1,1,0,0,255,1,0,0.16,0.15,0,0,0,0.15,1,4
0,1,20,2,10389,0,0,0,0,0,0,1,0,0,0,0,0,0,0,0,0,0,1,1,0,0,0,0,1,0,0,255,81,0.32,0.02,0.31,0,0,0,0,0,5
